"","id_dwel","id_area","income","pik_area","pik_dwel","pik"
"1","D00012","A016",22.4566869345726,0.0499012371348373,0.166666666666667,0.00831687285580622
"2","D00131","A025",17.0637633014697,0.0503170807776276,0.165289256198347,0.00831687285580622
"3","D00165","A005",13.962607493625,0.0503170807776276,0.165289256198347,0.00831687285580622
"4","D00174","A007",9.6285729546764,0.0503170807776276,0.165289256198347,0.00831687285580622
"5","D00238","A005",5.1784894812125,0.0503170807776276,0.165289256198347,0.00831687285580622
"6","D00281","A025",24.682367100679,0.0503170807776276,0.165289256198347,0.00831687285580622
"7","D00340","A007",19.3946925443829,0.0503170807776276,0.165289256198347,0.00831687285580622
"8","D00353","A025",16.1956892370059,0.0503170807776276,0.165289256198347,0.00831687285580622
"9","D00387","A005",3.48569256531796,0.0503170807776276,0.165289256198347,0.00831687285580622
"10","D00478","A005",13.6739424682455,0.0503170807776276,0.165289256198347,0.00831687285580622
"11","D00630","A007",8.56853125273216,0.0503170807776276,0.165289256198347,0.00831687285580622
"12","D00637","A016",10.9709810914948,0.0499012371348373,0.166666666666667,0.00831687285580622
"13","D00744","A007",9.75755034939762,0.0503170807776276,0.165289256198347,0.00831687285580622
"14","D00784","A025",11.6020618862246,0.0503170807776276,0.165289256198347,0.00831687285580622
"15","D00862","A005",28.5580991129407,0.0503170807776276,0.165289256198347,0.00831687285580622
"16","D01041","A007",22.9627563055965,0.0503170807776276,0.165289256198347,0.00831687285580622
"17","D01297","A005",44.2017190205089,0.0503170807776276,0.165289256198347,0.00831687285580622
"18","D01315","A016",28.2134634674197,0.0499012371348373,0.166666666666667,0.00831687285580622
"19","D01391","A016",20.3095173544111,0.0499012371348373,0.166666666666667,0.00831687285580622
"20","D01393","A025",42.8156106831808,0.0503170807776276,0.165289256198347,0.00831687285580622
"21","D01784","A025",19.6196331756564,0.0503170807776276,0.165289256198347,0.00831687285580622
"22","D01900","A007",8.18003366597385,0.0503170807776276,0.165289256198347,0.00831687285580622
"23","D02042","A025",30.6114433484785,0.0503170807776276,0.165289256198347,0.00831687285580622
"24","D02156","A005",10.0997150172055,0.0503170807776276,0.165289256198347,0.00831687285580622
"25","D02219","A016",23.4965891086062,0.0499012371348373,0.166666666666667,0.00831687285580622
"26","D02248","A007",27.9533185034584,0.0503170807776276,0.165289256198347,0.00831687285580622
"27","D02353","A007",29.7782991091763,0.0503170807776276,0.165289256198347,0.00831687285580622
"28","D02523","A007",10.3629545181909,0.0503170807776276,0.165289256198347,0.00831687285580622
"29","D02574","A007",11.920159641022,0.0503170807776276,0.165289256198347,0.00831687285580622
"30","D02653","A025",7.0150085166741,0.0503170807776276,0.165289256198347,0.00831687285580622
"31","D02843","A007",12.1900068480587,0.0503170807776276,0.165289256198347,0.00831687285580622
"32","D02963","A025",14.4729171015335,0.0503170807776276,0.165289256198347,0.00831687285580622
"33","D03200","A016",21.1826382780075,0.0499012371348373,0.166666666666667,0.00831687285580622
"34","D03255","A025",30.9797694520692,0.0503170807776276,0.165289256198347,0.00831687285580622
"35","D03332","A025",20.9104727358783,0.0503170807776276,0.165289256198347,0.00831687285580622
"36","D03338","A005",6.35017838420413,0.0503170807776276,0.165289256198347,0.00831687285580622
"37","D03422","A025",22.9603895096856,0.0503170807776276,0.165289256198347,0.00831687285580622
"38","D03522","A025",31.0446758910665,0.0503170807776276,0.165289256198347,0.00831687285580622
"39","D03536","A005",17.2195755568187,0.0503170807776276,0.165289256198347,0.00831687285580622
"40","D03644","A005",6.19088378746805,0.0503170807776276,0.165289256198347,0.00831687285580622
"41","D03768","A016",35.154842249097,0.0499012371348373,0.166666666666667,0.00831687285580622
"42","D03878","A007",5.37968437330542,0.0503170807776276,0.165289256198347,0.00831687285580622
"43","D03889","A025",24.6239756989541,0.0503170807776276,0.165289256198347,0.00831687285580622
"44","D03893","A016",29.5739802264521,0.0499012371348373,0.166666666666667,0.00831687285580622
"45","D04253","A016",14.622800323989,0.0499012371348373,0.166666666666667,0.00831687285580622
"46","D04283","A016",42.7879498516022,0.0499012371348373,0.166666666666667,0.00831687285580622
"47","D04345","A005",5.96627137569067,0.0503170807776276,0.165289256198347,0.00831687285580622
"48","D04419","A005",2.45549367382433,0.0503170807776276,0.165289256198347,0.00831687285580622
"49","D04500","A016",12.131472715159,0.0499012371348373,0.166666666666667,0.00831687285580622
"50","D04501","A007",10.4653957723666,0.0503170807776276,0.165289256198347,0.00831687285580622
"51","D04726","A005",23.7531834854013,0.0503170807776276,0.165289256198347,0.00831687285580622
"52","D04784","A005",10.9895252221401,0.0503170807776276,0.165289256198347,0.00831687285580622
"53","D04859","A016",8.05380168871087,0.0499012371348373,0.166666666666667,0.00831687285580622
"54","D05141","A005",24.7633962447619,0.0503170807776276,0.165289256198347,0.00831687285580622
"55","D05378","A005",3.99795383031869,0.0503170807776276,0.165289256198347,0.00831687285580622
"56","D05432","A007",22.6864056445341,0.0503170807776276,0.165289256198347,0.00831687285580622
"57","D05448","A016",20.5659122252711,0.0499012371348373,0.166666666666667,0.00831687285580622
"58","D05538","A007",8.49048423454086,0.0503170807776276,0.165289256198347,0.00831687285580622
"59","D05581","A025",18.686059233239,0.0503170807776276,0.165289256198347,0.00831687285580622
"60","D05651","A007",14.0377801190919,0.0503170807776276,0.165289256198347,0.00831687285580622
"61","D05732","A016",32.918127461293,0.0499012371348373,0.166666666666667,0.00831687285580622
"62","D05869","A005",25.8177158732307,0.0503170807776276,0.165289256198347,0.00831687285580622
"63","D06204","A007",26.8898547317269,0.0503170807776276,0.165289256198347,0.00831687285580622
"64","D06637","A016",25.9787792021864,0.0499012371348373,0.166666666666667,0.00831687285580622
"65","D06658","A005",26.0469917496795,0.0503170807776276,0.165289256198347,0.00831687285580622
"66","D06680","A025",40.0301870155701,0.0503170807776276,0.165289256198347,0.00831687285580622
"67","D06689","A016",46.3619800303065,0.0499012371348373,0.166666666666667,0.00831687285580622
"68","D06724","A025",38.6771023428691,0.0503170807776276,0.165289256198347,0.00831687285580622
"69","D06954","A007",36.4334756679852,0.0503170807776276,0.165289256198347,0.00831687285580622
"70","D07051","A007",16.7051900901361,0.0503170807776276,0.165289256198347,0.00831687285580622
"71","D07321","A025",39.5161295159208,0.0503170807776276,0.165289256198347,0.00831687285580622
"72","D07653","A016",25.9197115791076,0.0499012371348373,0.166666666666667,0.00831687285580622
"73","D07751","A005",21.0111730335859,0.0503170807776276,0.165289256198347,0.00831687285580622
"74","D08268","A025",19.8912314797549,0.0503170807776276,0.165289256198347,0.00831687285580622
"75","D08340","A016",24.3373733419951,0.0499012371348373,0.166666666666667,0.00831687285580622
"76","D08369","A016",11.2789703654648,0.0499012371348373,0.166666666666667,0.00831687285580622
"77","D08763","A007",33.5061514736111,0.0503170807776276,0.165289256198347,0.00831687285580622
"78","D08883","A016",32.8589990284493,0.0499012371348373,0.166666666666667,0.00831687285580622
"79","D08965","A025",32.2401277496694,0.0503170807776276,0.165289256198347,0.00831687285580622
"80","D09239","A005",18.3847603106992,0.0503170807776276,0.165289256198347,0.00831687285580622
